summary,text_length,token_count,unique_token_count,avg_word_length,digit_density,punctuation_density
count,53678,53678,53678,53678,53678,53678
mean,4941.966913819442,1000.0,400.47783076865755,4.941966913819464,0.0,0.0019681099769995295
stddev,249.79725188625955,0.0,33.837493547396576,0.2497972518862579,0.0,0.003204549887069137
min,2285,1000,104,2.285,0.0,0.0
max,5759,1000,529,5.759,0.0,0.14266958424507659
