{
  "loss": [
    0.9939976930618286,
    0.1870574802160263,
    0.09419775754213333,
    0.06379835307598114,
    0.05495838448405266,
    0.04727683588862419,
    0.016723036766052246,
    0.013538671657443047,
    0.012089081108570099,
    0.012443686835467815,
    0.005862726829946041,
    0.0031925663352012634,
    0.003508993424475193,
    0.0037106857635080814,
    0.004109672736376524
  ],
  "sparse_categorical_accuracy": [
    0.6802663803100586,
    0.9346793293952942,
    0.9641143679618835,
    0.9740813374519348,
    0.9778072834014893,
    0.980345606803894,
    0.9931535720825195,
    0.9945973753929138,
    0.9950631260871887,
    0.994993269443512,
    0.9977178573608398,
    0.9986027479171753,
    0.9985096454620361,
    0.998672604560852,
    0.998486340045929
  ],
  "val_loss": [
    0.33376678824424744,
    0.247944638133049,
    0.27530986070632935,
    0.18680906295776367,
    0.23128540813922882,
    0.3036361634731293,
    0.2024064064025879,
    0.19436641037464142,
    0.21635957062244415,
    0.21348901093006134,
    0.17736953496932983,
    0.19449812173843384,
    0.18602952361106873,
    0.23411087691783905,
    0.1962309181690216
  ],
  "val_sparse_categorical_accuracy": [
    0.9118852615356445,
    0.9299553036689758,
    0.9230626225471497,
    0.9500744938850403,
    0.9448584318161011,
    0.9362891316413879,
    0.9554768800735474,
    0.9595752358436584,
    0.9575260877609253,
    0.9528688788414001,
    0.9633010625839233,
    0.9605066776275635,
    0.9644187688827515,
    0.9558494687080383,
    0.9657227993011475
  ],
  "val_macro_f1": [
    0.8821693127772958,
    0.9142921358249079,
    0.904069820704368,
    0.9403242021628229,
    0.9332793707760187,
    0.9239128057669714,
    0.9449126203935146,
    0.9469330336468513,
    0.9444212398656835,
    0.940988946575979,
    0.9527960117064602,
    0.9510725937733956,
    0.9552872170636252,
    0.9402607977941589,
    0.9551438506922081
  ],
  "val_macro_recall": [
    0.8955170548867165,
    0.9167141187876353,
    0.9211025670325916,
    0.9385174769741117,
    0.9299950025410518,
    0.9202721810704672,
    0.9455702199844044,
    0.948108357750252,
    0.9407962265722798,
    0.9358865669401499,
    0.950947265880028,
    0.9458083648998258,
    0.9536786689150095,
    0.9331085332989807,
    0.954723754843522
  ],
  "lr": [
    0.0010000000474974513,
    0.0010000000474974513,
    0.0010000000474974513,
    0.0010000000474974513,
    0.0010000000474974513,
    0.0010000000474974513,
    0.0005000000237487257,
    0.0005000000237487257,
    0.0005000000237487257,
    0.0005000000237487257,
    0.0002500000118743628,
    0.0002500000118743628,
    0.0002500000118743628,
    0.0002500000118743628,
    0.0002500000118743628
  ],
  "train_macro_f1": [
    0.9272441456942969,
    0.9736713089803075,
    0.966347520787606,
    0.9909200983888631,
    0.9929174612565398,
    0.9913264133901479,
    0.9986341135961234,
    0.9995722617217887,
    0.9981159398233754,
    0.9986193993076568,
    1.0,
    0.999879102097061,
    1.0,
    0.9987747670567748,
    0.9993154567775434
  ],
  "train_macro_recall": [
    0.9387127141076507,
    0.9770332449764633,
    0.9787070766546884,
    0.9927877146651238,
    0.9927189738937121,
    0.9938315333725948,
    0.9990034328306081,
    0.9996481099674197,
    0.9983585791556806,
    0.9988816803860753,
    1.0,
    0.9998467432950191,
    1.0,
    0.9991236461104634,
    0.9995544191255422
  ]
}