{
  "loss": [
    2.457963705062866,
    1.572977066040039,
    0.8882458806037903,
    0.4966560900211334,
    0.3038044571876526,
    0.20726686716079712,
    0.15497498214244843,
    0.129998117685318,
    0.10654743015766144,
    0.09509040415287018,
    0.09493362158536911,
    0.08168201893568039,
    0.07128457725048065,
    0.03736424446105957,
    0.020575102418661118
  ],
  "sparse_categorical_accuracy": [
    0.18138419091701508,
    0.42860138416290283,
    0.6816403269767761,
    0.8221321702003479,
    0.8895021080970764,
    0.9221042394638062,
    0.9407572746276855,
    0.9498625993728638,
    0.9576172232627869,
    0.9629500508308411,
    0.9622281193733215,
    0.967560887336731,
    0.9711005687713623,
    0.9860276579856873,
    0.9914302825927734
  ],
  "val_loss": [
    2.4207630157470703,
    1.3025670051574707,
    0.7580053210258484,
    0.664759635925293,
    0.6189499497413635,
    0.7957609295845032,
    0.5169734358787537,
    0.6032478213310242,
    0.6019605398178101,
    0.5784670114517212,
    0.5296854376792908,
    0.6392379999160767,
    0.6429965496063232,
    0.5226519703865051,
    0.49407222867012024
  ],
  "val_sparse_categorical_accuracy": [
    0.3323397934436798,
    0.6082339882850647,
    0.7697466611862183,
    0.804768979549408,
    0.8327123522758484,
    0.8014158010482788,
    0.8645678162574768,
    0.8602831363677979,
    0.8610283136367798,
    0.8787257671356201,
    0.8830104470252991,
    0.872764527797699,
    0.8669895529747009,
    0.8988450169563293,
    0.9083457589149475
  ],
  "val_macro_f1": [
    0.1305614974377043,
    0.45461071571045486,
    0.6708421367934545,
    0.7381420095992569,
    0.7624882562961292,
    0.750172013155821,
    0.8161080173569704,
    0.8044335625117832,
    0.818138639618595,
    0.8350385794883681,
    0.8451313896703503,
    0.8318712115416423,
    0.8252989520177759,
    0.8684828346832371,
    0.879494705016447
  ],
  "val_macro_recall": [
    0.16560350603989524,
    0.4906408870700574,
    0.6696680838623692,
    0.7369950900800125,
    0.7736916338423054,
    0.7345398270133623,
    0.8211649576623629,
    0.8146943482198216,
    0.81830110332499,
    0.8284309625883435,
    0.8433999123432016,
    0.8259769332588008,
    0.8312600399281352,
    0.8648536149604424,
    0.8744683644273074
  ],
  "lr": [
    0.0010000000474974513,
    0.0010000000474974513,
    0.0010000000474974513,
    0.0010000000474974513,
    0.0010000000474974513,
    0.0010000000474974513,
    0.0010000000474974513,
    0.0010000000474974513,
    0.0010000000474974513,
    0.0010000000474974513,
    0.0010000000474974513,
    0.0010000000474974513,
    0.0010000000474974513,
    0.0005000000237487257,
    0.0005000000237487257
  ],
  "train_macro_f1": [
    0.13383069638793976,
    0.5086541265346706,
    0.7805905913475772,
    0.8640286066424009,
    0.9175193390851766,
    0.9159421118286788,
    0.96382726137935,
    0.9602652027253227,
    0.9665170505328546,
    0.9846554368988777,
    0.9799891802623879,
    0.9771392937451842,
    0.972983459262233,
    0.997021860624686,
    0.9978266994207391
  ],
  "train_macro_recall": [
    0.17055360574339967,
    0.5514548593361686,
    0.7879193128949447,
    0.8717251927159678,
    0.925142169562927,
    0.9158383089060338,
    0.9742585248872727,
    0.9700523476927623,
    0.9728402973919066,
    0.9868741784768603,
    0.9841461937743832,
    0.9793325912016644,
    0.9764825485626241,
    0.9984853992316718,
    0.9987084017515053
  ]
}