{
  "loss": [
    2.0567171573638916,
    1.0942368507385254,
    0.68915194272995,
    0.49176955223083496,
    0.3690844476222992,
    0.2886306941509247,
    0.2315177619457245,
    0.19168074429035187,
    0.16270339488983154,
    0.14160799980163574,
    0.11874114722013474,
    0.10502706468105316,
    0.0949249118566513,
    0.08712466061115265,
    0.07825164496898651
  ],
  "sparse_categorical_accuracy": [
    0.3154720366001129,
    0.6192538738250732,
    0.7520143389701843,
    0.8200130462646484,
    0.8596711754798889,
    0.8879884481430054,
    0.9081552028656006,
    0.9238507747650146,
    0.9324670433998108,
    0.9417353868484497,
    0.9506310820579529,
    0.9565227627754211,
    0.9594336748123169,
    0.9635555148124695,
    0.9670252799987793
  ],
  "val_loss": [
    1.4284111261367798,
    0.858604371547699,
    0.5960662364959717,
    0.48513397574424744,
    0.45064210891723633,
    0.4607333838939667,
    0.42816007137298584,
    0.40256643295288086,
    0.4015003442764282,
    0.4493108093738556,
    0.3884906768798828,
    0.37917912006378174,
    0.3866961896419525,
    0.39836618304252625,
    0.388186514377594
  ],
  "val_sparse_categorical_accuracy": [
    0.5886736512184143,
    0.7559612393379211,
    0.8319672346115112,
    0.8580476641654968,
    0.8716468214988708,
    0.869225025177002,
    0.8830104470252991,
    0.8856185078620911,
    0.8936288952827454,
    0.8835693001747131,
    0.9031296372413635,
    0.9020119309425354,
    0.9066691398620605,
    0.9025707840919495,
    0.9098360538482666
  ],
  "val_macro_f1": [
    0.42312843960622887,
    0.6357458269058248,
    0.7676727740221976,
    0.8021119872466242,
    0.8290557156071566,
    0.8260483741769576,
    0.8409293327220486,
    0.8521980573906608,
    0.855177149606777,
    0.8498826251340885,
    0.8655446842648424,
    0.8674169285417617,
    0.8745604178218487,
    0.8709205020591015,
    0.8788352882904493
  ],
  "val_macro_recall": [
    0.4160320276232694,
    0.6460389518904264,
    0.7775486632333808,
    0.8014341905003456,
    0.8292900809296131,
    0.8273849323959253,
    0.842561578612373,
    0.8545587837060653,
    0.8583841281651862,
    0.8525392341777419,
    0.8613509923409973,
    0.8623623540198224,
    0.8707997615321913,
    0.8717803300921816,
    0.8677982943583276
  ],
  "lr": [
    0.0010000000474974513,
    0.0010000000474974513,
    0.0010000000474974513,
    0.0010000000474974513,
    0.0010000000474974513,
    0.0010000000474974513,
    0.0010000000474974513,
    0.0010000000474974513,
    0.0010000000474974513,
    0.0010000000474974513,
    0.0010000000474974513,
    0.0010000000474974513,
    0.0010000000474974513,
    0.0010000000474974513,
    0.0010000000474974513
  ],
  "train_macro_recall": [
    0.4292954034918927,
    0.7005145038083869,
    0.8717169260710931,
    0.9210160017478018,
    0.9447823990612161,
    0.9596443741399864,
    0.9694264325116448,
    0.9777655616495935,
    0.986146900459606,
    0.9756068707206975,
    0.9893581548242077,
    0.9927082411684732,
    0.9922137742994926,
    0.9912907932506473,
    0.9911075038454794
  ],
  "train_macro_f1": [
    0.43643408990552823,
    0.6914105665073708,
    0.8563261313414202,
    0.9152332560946873,
    0.9378568310702057,
    0.9514195254214134,
    0.9598929015335723,
    0.9710322432779747,
    0.9788136117350826,
    0.9693847224495175,
    0.9859812575144767,
    0.9897907031367171,
    0.9895635441264266,
    0.9873164933667354,
    0.9896323111388353
  ]
}